{
    "avg_prec": 0.9184940791148879,
    "roc_auc": 0.9774712116284111
}